,Age Group,Sex,Avg hrs per day sleeping,Rank
0,15 years and over,Both,8.57,29.0
1,15 years and over,Both,8.55,31.0
2,15 years and over,Both,8.62,26.0
3,15 years and over,Both,8.63,25.0
4,15 years and over,Both,8.57,29.0
5,15 years and over,Both,8.6,27.0
6,15 years and over,Both,8.67,23.0
7,15 years and over,Both,8.67,23.0
8,15 years and over,Both,8.71,22.0
9,15 years and over,Both,8.73,21.0
10,15 years and over,Both,8.74,20.0
11,15 years and over,Both,8.8,17.0
12,15 years and over,Both,8.83,16.0
13,15 years and over,Both,8.79,19.0
14,15 years and over,Both,8.8,17.0
15,15 years and over,Both,8.26,44.0
16,15 years and over,Both,8.25,45.0
17,15 years and over,Both,8.35,40.0
18,15 years and over,Both,8.33,41.0
19,15 years and over,Both,8.29,43.0
20,15 years and over,Both,8.3,42.0
21,15 years and over,Both,8.39,38.0
22,15 years and over,Both,8.38,39.0
23,15 years and over,Both,8.45,36.0
24,15 years and over,Both,8.45,36.0
25,15 years and over,Both,8.48,35.0
26,15 years and over,Both,8.54,32.0
27,15 years and over,Both,8.59,28.0
28,15 years and over,Both,8.5,34.0
29,15 years and over,Both,8.53,33.0
30,15 years and over,Both,9.29,12.0
31,15 years and over,Both,9.25,14.0
32,15 years and over,Both,9.28,13.0
33,15 years and over,Both,9.32,10.0
34,15 years and over,Both,9.24,15.0
35,15 years and over,Both,9.31,11.0
36,15 years and over,Both,9.33,9.0
37,15 years and over,Both,9.34,7.0
38,15 years and over,Both,9.35,6.0
39,15 years and over,Both,9.39,5.0
40,15 years and over,Both,9.34,7.0
41,15 years and over,Both,9.4,3.0
42,15 years and over,Both,9.4,3.0
43,15 years and over,Both,9.48,1.0
44,15 years and over,Both,9.44,2.0
45,15 to 24 years,Both,9.15,33.0
46,15 to 24 years,Both,9.23,29.0
47,15 to 24 years,Both,9.27,27.0
48,15 to 24 years,Both,9.19,31.0
49,15 to 24 years,Both,9.11,35.0
50,15 to 24 years,Both,9.2,30.0
51,15 to 24 years,Both,9.45,20.0
52,15 to 24 years,Both,9.24,28.0
53,15 to 24 years,Both,9.32,25.0
54,15 to 24 years,Both,9.34,23.0
55,15 to 24 years,Both,9.34,23.0
56,15 to 24 years,Both,9.53,19.0
57,15 to 24 years,Both,9.58,17.0
58,15 to 24 years,Both,9.55,18.0
59,15 to 24 years,Both,9.72,16.0
60,15 to 24 years,Both,8.75,44.0
61,15 to 24 years,Both,8.79,43.0
62,15 to 24 years,Both,9.01,36.0
63,15 to 24 years,Both,8.84,41.0
64,15 to 24 years,Both,8.71,45.0
65,15 to 24 years,Both,8.83,42.0
66,15 to 24 years,Both,9.19,31.0
67,15 to 24 years,Both,8.94,40.0
68,15 to 24 years,Both,8.99,38.0
69,15 to 24 years,Both,8.95,39.0
70,15 to 24 years,Both,9.0,37.0
71,15 to 24 years,Both,9.31,26.0
72,15 to 24 years,Both,9.39,21.0
73,15 to 24 years,Both,9.12,34.0
74,15 to 24 years,Both,9.38,22.0
75,15 to 24 years,Both,10.1,7.0
76,15 to 24 years,Both,10.28,3.0
77,15 to 24 years,Both,9.89,15.0
78,15 to 24 years,Both,10.03,11.0
79,15 to 24 years,Both,10.0,13.0
80,15 to 24 years,Both,10.04,9.0
81,15 to 24 years,Both,10.04,9.0
82,15 to 24 years,Both,9.96,14.0
83,15 to 24 years,Both,10.13,6.0
84,15 to 24 years,Both,10.25,4.0
85,15 to 24 years,Both,10.16,5.0
86,15 to 24 years,Both,10.06,8.0
87,15 to 24 years,Both,10.02,12.0
88,15 to 24 years,Both,10.58,1.0
89,15 to 24 years,Both,10.48,2.0
90,25 to 34 years,Both,8.52,30.0
91,25 to 34 years,Both,8.46,31.0
92,25 to 34 years,Both,8.65,21.0
93,25 to 34 years,Both,8.58,25.0
94,25 to 34 years,Both,8.57,27.0
95,25 to 34 years,Both,8.54,28.0
96,25 to 34 years,Both,8.54,28.0
97,25 to 34 years,Both,8.58,25.0
98,25 to 34 years,Both,8.6,24.0
99,25 to 34 years,Both,8.76,18.0
100,25 to 34 years,Both,8.65,21.0
101,25 to 34 years,Both,8.77,17.0
102,25 to 34 years,Both,8.87,16.0
103,25 to 34 years,Both,8.71,20.0
104,25 to 34 years,Both,8.76,18.0
105,25 to 34 years,Both,8.18,42.0
106,25 to 34 years,Both,8.08,45.0
107,25 to 34 years,Both,8.24,39.0
108,25 to 34 years,Both,8.19,41.0
109,25 to 34 years,Both,8.22,40.0
110,25 to 34 years,Both,8.16,44.0
111,25 to 34 years,Both,8.18,42.0
112,25 to 34 years,Both,8.25,38.0
113,25 to 34 years,Both,8.26,37.0
114,25 to 34 years,Both,8.45,32.0
115,25 to 34 years,Both,8.34,36.0
116,25 to 34 years,Both,8.44,33.0
117,25 to 34 years,Both,8.63,23.0
118,25 to 34 years,Both,8.36,35.0
119,25 to 34 years,Both,8.41,34.0
120,25 to 34 years,Both,9.34,15.0
121,25 to 34 years,Both,9.37,13.0
122,25 to 34 years,Both,9.6,1.0
123,25 to 34 years,Both,9.47,6.0
124,25 to 34 years,Both,9.4,10.0
125,25 to 34 years,Both,9.45,7.0
126,25 to 34 years,Both,9.43,8.0
127,25 to 34 years,Both,9.4,10.0
128,25 to 34 years,Both,9.39,12.0
129,25 to 34 years,Both,9.49,5.0
130,25 to 34 years,Both,9.37,13.0
131,25 to 34 years,Both,9.52,4.0
132,25 to 34 years,Both,9.43,8.0
133,25 to 34 years,Both,9.55,3.0
134,25 to 34 years,Both,9.56,2.0
135,35 to 44 years,Both,8.34,30.0
136,35 to 44 years,Both,8.25,31.0
137,35 to 44 years,Both,8.37,27.0
138,35 to 44 years,Both,8.39,25.0
139,35 to 44 years,Both,8.35,29.0
140,35 to 44 years,Both,8.38,26.0
141,35 to 44 years,Both,8.41,23.0
142,35 to 44 years,Both,8.4,24.0
143,35 to 44 years,Both,8.43,21.0
144,35 to 44 years,Both,8.52,18.0
145,35 to 44 years,Both,8.52,18.0
146,35 to 44 years,Both,8.42,22.0
147,35 to 44 years,Both,8.67,16.0
148,35 to 44 years,Both,8.5,20.0
149,35 to 44 years,Both,8.57,17.0
150,35 to 44 years,Both,8.0,44.0
151,35 to 44 years,Both,7.95,45.0
152,35 to 44 years,Both,8.02,42.0
153,35 to 44 years,Both,8.05,38.0
154,35 to 44 years,Both,8.03,41.0
155,35 to 44 years,Both,8.04,40.0
156,35 to 44 years,Both,8.09,36.0
157,35 to 44 years,Both,8.05,38.0
158,35 to 44 years,Both,8.08,37.0
159,35 to 44 years,Both,8.19,33.0
160,35 to 44 years,Both,8.18,34.0
161,35 to 44 years,Both,8.02,42.0
162,35 to 44 years,Both,8.36,28.0
163,35 to 44 years,Both,8.14,35.0
164,35 to 44 years,Both,8.23,32.0
165,35 to 44 years,Both,9.16,12.0
166,35 to 44 years,Both,8.99,15.0
167,35 to 44 years,Both,9.21,9.0
168,35 to 44 years,Both,9.16,12.0
169,35 to 44 years,Both,9.12,14.0
170,35 to 44 years,Both,9.17,10.0
171,35 to 44 years,Both,9.17,10.0
172,35 to 44 years,Both,9.23,8.0
173,35 to 44 years,Both,9.25,7.0
174,35 to 44 years,Both,9.28,6.0
175,35 to 44 years,Both,9.32,5.0
176,35 to 44 years,Both,9.33,4.0
177,35 to 44 years,Both,9.41,1.0
178,35 to 44 years,Both,9.34,3.0
179,35 to 44 years,Both,9.37,2.0
180,45 to 54 years,Both,8.17,32.0
181,45 to 54 years,Both,8.17,32.0
182,45 to 54 years,Both,8.2,31.0
183,45 to 54 years,Both,8.3,23.0
184,45 to 54 years,Both,8.24,27.0
185,45 to 54 years,Both,8.27,25.0
186,45 to 54 years,Both,8.29,24.0
187,45 to 54 years,Both,8.26,26.0
188,45 to 54 years,Both,8.37,21.0
189,45 to 54 years,Both,8.42,20.0
190,45 to 54 years,Both,8.51,17.0
191,45 to 54 years,Both,8.57,16.0
192,45 to 54 years,Both,8.36,22.0
193,45 to 54 years,Both,8.45,19.0
194,45 to 54 years,Both,8.5,18.0
195,45 to 54 years,Both,7.85,45.0
196,45 to 54 years,Both,7.86,44.0
197,45 to 54 years,Both,7.89,42.0
198,45 to 54 years,Both,7.92,41.0
199,45 to 54 years,Both,7.95,38.0
200,45 to 54 years,Both,7.94,40.0
201,45 to 54 years,Both,7.95,38.0
202,45 to 54 years,Both,7.89,42.0
203,45 to 54 years,Both,8.1,35.0
204,45 to 54 years,Both,8.07,36.0
205,45 to 54 years,Both,8.22,29.0
206,45 to 54 years,Both,8.23,28.0
207,45 to 54 years,Both,7.97,37.0
208,45 to 54 years,Both,8.13,34.0
209,45 to 54 years,Both,8.22,29.0
210,45 to 54 years,Both,8.93,13.0
211,45 to 54 years,Both,8.9,15.0
212,45 to 54 years,Both,8.95,12.0
213,45 to 54 years,Both,9.18,5.0
214,45 to 54 years,Both,8.92,14.0
215,45 to 54 years,Both,9.05,10.0
216,45 to 54 years,Both,9.06,9.0
217,45 to 54 years,Both,9.12,8.0
218,45 to 54 years,Both,9.02,11.0
219,45 to 54 years,Both,9.22,3.0
220,45 to 54 years,Both,9.17,6.0
221,45 to 54 years,Both,9.37,1.0
222,45 to 54 years,Both,9.32,2.0
223,45 to 54 years,Both,9.2,4.0
224,45 to 54 years,Both,9.15,7.0
225,55 to 64 years,Both,8.36,26.0
226,55 to 64 years,Both,8.3,29.0
227,55 to 64 years,Both,8.28,30.0
228,55 to 64 years,Both,8.4,25.0
229,55 to 64 years,Both,8.26,32.0
230,55 to 64 years,Both,8.26,32.0
231,55 to 64 years,Both,8.43,22.0
232,55 to 64 years,Both,8.5,18.0
233,55 to 64 years,Both,8.47,20.0
234,55 to 64 years,Both,8.47,20.0
235,55 to 64 years,Both,8.49,19.0
236,55 to 64 years,Both,8.43,22.0
237,55 to 64 years,Both,8.51,17.0
238,55 to 64 years,Both,8.53,16.0
239,55 to 64 years,Both,8.41,24.0
240,55 to 64 years,Both,8.12,41.0
241,55 to 64 years,Both,8.1,42.0
242,55 to 64 years,Both,8.07,43.0
243,55 to 64 years,Both,8.16,39.0
244,55 to 64 years,Both,8.06,44.0
245,55 to 64 years,Both,8.0,45.0
246,55 to 64 years,Both,8.17,38.0
247,55 to 64 years,Both,8.26,32.0
248,55 to 64 years,Both,8.24,36.0
249,55 to 64 years,Both,8.25,35.0
250,55 to 64 years,Both,8.32,27.0
251,55 to 64 years,Both,8.21,37.0
252,55 to 64 years,Both,8.31,28.0
253,55 to 64 years,Both,8.28,30.0
254,55 to 64 years,Both,8.15,40.0
255,55 to 64 years,Both,8.92,10.0
256,55 to 64 years,Both,8.78,13.0
257,55 to 64 years,Both,8.77,14.0
258,55 to 64 years,Both,8.96,9.0
259,55 to 64 years,Both,8.73,15.0
260,55 to 64 years,Both,8.89,11.0
261,55 to 64 years,Both,9.06,3.0
262,55 to 64 years,Both,9.08,2.0
263,55 to 64 years,Both,9.02,4.0
264,55 to 64 years,Both,8.98,6.0
265,55 to 64 years,Both,8.88,12.0
266,55 to 64 years,Both,8.97,8.0
267,55 to 64 years,Both,8.98,6.0
268,55 to 64 years,Both,9.12,1.0
269,55 to 64 years,Both,9.02,4.0
270,65 years and over,Both,8.86,33.0
271,65 years and over,Both,8.86,33.0
272,65 years and over,Both,8.96,21.0
273,65 years and over,Both,8.91,26.0
274,65 years and over,Both,8.91,26.0
275,65 years and over,Both,8.94,24.0
276,65 years and over,Both,8.91,26.0
277,65 years and over,Both,9.02,16.0
278,65 years and over,Both,9.08,12.0
279,65 years and over,Both,8.84,37.0
280,65 years and over,Both,8.87,30.0
281,65 years and over,Both,9.0,18.0
282,65 years and over,Both,8.97,20.0
283,65 years and over,Both,8.94,24.0
284,65 years and over,Both,8.84,37.0
285,65 years and over,Both,8.74,44.0
286,65 years and over,Both,8.77,41.0
287,65 years and over,Both,8.88,29.0
288,65 years and over,Both,8.87,30.0
289,65 years and over,Both,8.81,39.0
290,65 years and over,Both,8.86,33.0
291,65 years and over,Both,8.78,40.0
292,65 years and over,Both,8.95,22.0
293,65 years and over,Both,8.99,19.0
294,65 years and over,Both,8.74,44.0
295,65 years and over,Both,8.76,42.0
296,65 years and over,Both,8.95,22.0
297,65 years and over,Both,8.86,33.0
298,65 years and over,Both,8.87,30.0
299,65 years and over,Both,8.75,43.0
300,65 years and over,Both,9.15,6.0
301,65 years and over,Both,9.06,14.0
302,65 years and over,Both,9.15,6.0
303,65 years and over,Both,9.02,16.0
304,65 years and over,Both,9.16,5.0
305,65 years and over,Both,9.14,8.0
306,65 years and over,Both,9.2,3.0
307,65 years and over,Both,9.2,3.0
308,65 years and over,Both,9.27,1.0
309,65 years and over,Both,9.08,12.0
310,65 years and over,Both,9.12,9.0
311,65 years and over,Both,9.12,9.0
312,65 years and over,Both,9.23,2.0
313,65 years and over,Both,9.11,11.0
314,65 years and over,Both,9.03,15.0
315,15 years and over,Men,8.48,30.0
316,15 years and over,Men,8.48,30.0
317,15 years and over,Men,8.53,27.0
318,15 years and over,Men,8.56,24.0
319,15 years and over,Men,8.52,28.0
320,15 years and over,Men,8.56,24.0
321,15 years and over,Men,8.62,21.0
322,15 years and over,Men,8.56,24.0
323,15 years and over,Men,8.62,21.0
324,15 years and over,Men,8.6,23.0
325,15 years and over,Men,8.65,20.0
326,15 years and over,Men,8.69,18.0
327,15 years and over,Men,8.77,16.0
328,15 years and over,Men,8.69,18.0
329,15 years and over,Men,8.7,17.0
330,15 years and over,Men,8.16,44.0
331,15 years and over,Men,8.16,44.0
332,15 years and over,Men,8.25,42.0
333,15 years and over,Men,8.26,41.0
334,15 years and over,Men,8.2,43.0
335,15 years and over,Men,8.27,39.0
336,15 years and over,Men,8.31,37.0
337,15 years and over,Men,8.27,39.0
338,15 years and over,Men,8.33,36.0
339,15 years and over,Men,8.28,38.0
340,15 years and over,Men,8.38,34.0
341,15 years and over,Men,8.44,32.0
342,15 years and over,Men,8.52,28.0
343,15 years and over,Men,8.36,35.0
344,15 years and over,Men,8.4,33.0
345,15 years and over,Men,9.22,14.0
346,15 years and over,Men,9.23,13.0
347,15 years and over,Men,9.22,14.0
348,15 years and over,Men,9.28,8.0
349,15 years and over,Men,9.24,12.0
350,15 years and over,Men,9.25,11.0
351,15 years and over,Men,9.33,4.0
352,15 years and over,Men,9.28,8.0
353,15 years and over,Men,9.31,6.0
354,15 years and over,Men,9.33,4.0
355,15 years and over,Men,9.3,7.0
356,15 years and over,Men,9.26,10.0
357,15 years and over,Men,9.34,3.0
358,15 years and over,Men,9.47,1.0
359,15 years and over,Men,9.38,2.0
360,15 to 24 years,Men,9.14,32.0
361,15 to 24 years,Men,9.12,34.0
362,15 to 24 years,Men,9.2,30.0
363,15 to 24 years,Men,9.21,28.0
364,15 to 24 years,Men,9.03,35.0
365,15 to 24 years,Men,9.27,26.0
366,15 to 24 years,Men,9.56,18.0
367,15 to 24 years,Men,9.21,28.0
368,15 to 24 years,Men,9.33,23.0
369,15 to 24 years,Men,9.16,31.0
370,15 to 24 years,Men,9.3,25.0
371,15 to 24 years,Men,9.47,20.0
372,15 to 24 years,Men,9.51,19.0
373,15 to 24 years,Men,9.59,17.0
374,15 to 24 years,Men,9.78,16.0
375,15 to 24 years,Men,8.73,42.0
376,15 to 24 years,Men,8.65,44.0
377,15 to 24 years,Men,8.88,40.0
378,15 to 24 years,Men,8.93,37.0
379,15 to 24 years,Men,8.58,45.0
380,15 to 24 years,Men,8.9,39.0
381,15 to 24 years,Men,9.25,27.0
382,15 to 24 years,Men,8.88,40.0
383,15 to 24 years,Men,9.01,36.0
384,15 to 24 years,Men,8.68,43.0
385,15 to 24 years,Men,8.93,37.0
386,15 to 24 years,Men,9.33,23.0
387,15 to 24 years,Men,9.35,22.0
388,15 to 24 years,Men,9.14,32.0
389,15 to 24 years,Men,9.46,21.0
390,15 to 24 years,Men,10.13,7.0
391,15 to 24 years,Men,10.25,4.0
392,15 to 24 years,Men,9.96,12.0
393,15 to 24 years,Men,9.88,14.0
394,15 to 24 years,Men,9.99,10.0
395,15 to 24 years,Men,10.13,7.0
396,15 to 24 years,Men,10.31,3.0
397,15 to 24 years,Men,9.99,10.0
398,15 to 24 years,Men,10.11,9.0
399,15 to 24 years,Men,10.24,5.0
400,15 to 24 years,Men,10.18,6.0
401,15 to 24 years,Men,9.8,15.0
402,15 to 24 years,Men,9.9,13.0
403,15 to 24 years,Men,10.65,1.0
404,15 to 24 years,Men,10.46,2.0
405,25 to 34 years,Men,8.3,31.0
406,25 to 34 years,Men,8.42,27.0
407,25 to 34 years,Men,8.44,26.0
408,25 to 34 years,Men,8.4,28.0
409,25 to 34 years,Men,8.45,24.0
410,25 to 34 years,Men,8.48,21.0
411,25 to 34 years,Men,8.48,21.0
412,25 to 34 years,Men,8.28,32.0
413,25 to 34 years,Men,8.37,29.0
414,25 to 34 years,Men,8.55,18.0
415,25 to 34 years,Men,8.45,24.0
416,25 to 34 years,Men,8.62,17.0
417,25 to 34 years,Men,8.79,16.0
418,25 to 34 years,Men,8.54,20.0
419,25 to 34 years,Men,8.47,23.0
420,25 to 34 years,Men,7.91,44.0
421,25 to 34 years,Men,8.0,41.0
422,25 to 34 years,Men,8.01,40.0
423,25 to 34 years,Men,7.94,42.0
424,25 to 34 years,Men,8.02,38.0
425,25 to 34 years,Men,8.13,35.0
426,25 to 34 years,Men,8.13,35.0
427,25 to 34 years,Men,7.91,44.0
428,25 to 34 years,Men,7.94,42.0
429,25 to 34 years,Men,8.25,33.0
430,25 to 34 years,Men,8.12,37.0
431,25 to 34 years,Men,8.31,30.0
432,25 to 34 years,Men,8.55,18.0
433,25 to 34 years,Men,8.17,34.0
434,25 to 34 years,Men,8.02,38.0
435,25 to 34 years,Men,9.23,13.0
436,25 to 34 years,Men,9.38,6.0
437,25 to 34 years,Men,9.46,2.0
438,25 to 34 years,Men,9.5,1.0
439,25 to 34 years,Men,9.43,5.0
440,25 to 34 years,Men,9.32,10.0
441,25 to 34 years,Men,9.34,7.0
442,25 to 34 years,Men,9.17,15.0
443,25 to 34 years,Men,9.34,7.0
444,25 to 34 years,Men,9.28,12.0
445,25 to 34 years,Men,9.22,14.0
446,25 to 34 years,Men,9.32,10.0
447,25 to 34 years,Men,9.33,9.0
448,25 to 34 years,Men,9.45,3.0
449,25 to 34 years,Men,9.45,3.0
450,35 to 44 years,Men,8.2,29.0
451,35 to 44 years,Men,8.2,29.0
452,35 to 44 years,Men,8.36,19.0
453,35 to 44 years,Men,8.28,26.0
454,35 to 44 years,Men,8.28,26.0
455,35 to 44 years,Men,8.31,24.0
456,35 to 44 years,Men,8.28,26.0
457,35 to 44 years,Men,8.29,25.0
458,35 to 44 years,Men,8.35,21.0
459,35 to 44 years,Men,8.33,22.0
460,35 to 44 years,Men,8.37,18.0
461,35 to 44 years,Men,8.19,31.0
462,35 to 44 years,Men,8.67,16.0
463,35 to 44 years,Men,8.41,17.0
464,35 to 44 years,Men,8.36,19.0
465,35 to 44 years,Men,7.86,44.0
466,35 to 44 years,Men,7.88,43.0
467,35 to 44 years,Men,8.03,33.0
468,35 to 44 years,Men,7.95,41.0
469,35 to 44 years,Men,7.98,38.0
470,35 to 44 years,Men,7.99,37.0
471,35 to 44 years,Men,7.93,42.0
472,35 to 44 years,Men,7.96,40.0
473,35 to 44 years,Men,8.0,36.0
474,35 to 44 years,Men,8.01,34.0
475,35 to 44 years,Men,8.01,34.0
476,35 to 44 years,Men,7.78,45.0
477,35 to 44 years,Men,8.33,22.0
478,35 to 44 years,Men,8.06,32.0
479,35 to 44 years,Men,7.97,39.0
480,35 to 44 years,Men,9.0,13.0
481,35 to 44 years,Men,8.99,15.0
482,35 to 44 years,Men,9.16,6.0
483,35 to 44 years,Men,9.05,12.0
484,35 to 44 years,Men,9.0,13.0
485,35 to 44 years,Men,9.06,11.0
486,35 to 44 years,Men,9.08,10.0
487,35 to 44 years,Men,9.11,8.0
488,35 to 44 years,Men,9.17,5.0
489,35 to 44 years,Men,9.09,9.0
490,35 to 44 years,Men,9.21,4.0
491,35 to 44 years,Men,9.16,6.0
492,35 to 44 years,Men,9.48,1.0
493,35 to 44 years,Men,9.27,3.0
494,35 to 44 years,Men,9.28,2.0
495,45 to 54 years,Men,8.08,32.0
496,45 to 54 years,Men,8.11,31.0
497,45 to 54 years,Men,8.03,33.0
498,45 to 54 years,Men,8.2,23.0
499,45 to 54 years,Men,8.18,24.0
500,45 to 54 years,Men,8.16,27.0
501,45 to 54 years,Men,8.17,25.0
502,45 to 54 years,Men,8.15,28.0
503,45 to 54 years,Men,8.23,20.0
504,45 to 54 years,Men,8.38,19.0
505,45 to 54 years,Men,8.4,18.0
506,45 to 54 years,Men,8.46,17.0
507,45 to 54 years,Men,8.22,22.0
508,45 to 54 years,Men,8.17,25.0
509,45 to 54 years,Men,8.47,16.0
510,45 to 54 years,Men,7.76,44.0
511,45 to 54 years,Men,7.83,38.0
512,45 to 54 years,Men,7.72,45.0
513,45 to 54 years,Men,7.87,36.0
514,45 to 54 years,Men,7.85,37.0
515,45 to 54 years,Men,7.81,40.0
516,45 to 54 years,Men,7.82,39.0
517,45 to 54 years,Men,7.79,42.0
518,45 to 54 years,Men,7.95,35.0
519,45 to 54 years,Men,8.03,33.0
520,45 to 54 years,Men,8.15,28.0
521,45 to 54 years,Men,8.12,30.0
522,45 to 54 years,Men,7.81,40.0
523,45 to 54 years,Men,7.78,43.0
524,45 to 54 years,Men,8.23,20.0
525,45 to 54 years,Men,8.82,13.0
526,45 to 54 years,Men,8.75,15.0
527,45 to 54 years,Men,8.81,14.0
528,45 to 54 years,Men,8.95,9.0
529,45 to 54 years,Men,8.95,9.0
530,45 to 54 years,Men,8.97,8.0
531,45 to 54 years,Men,8.93,11.0
532,45 to 54 years,Men,9.02,6.0
533,45 to 54 years,Men,8.89,12.0
534,45 to 54 years,Men,9.19,3.0
535,45 to 54 years,Men,8.98,7.0
536,45 to 54 years,Men,9.25,1.0
537,45 to 54 years,Men,9.24,2.0
538,45 to 54 years,Men,9.1,4.0
539,45 to 54 years,Men,9.07,5.0
540,55 to 64 years,Men,8.32,24.0
541,55 to 64 years,Men,8.3,28.0
542,55 to 64 years,Men,8.2,32.0
543,55 to 64 years,Men,8.32,24.0
544,55 to 64 years,Men,8.32,24.0
545,55 to 64 years,Men,8.24,31.0
546,55 to 64 years,Men,8.37,21.0
547,55 to 64 years,Men,8.51,17.0
548,55 to 64 years,Men,8.4,19.0
549,55 to 64 years,Men,8.31,27.0
550,55 to 64 years,Men,8.52,16.0
551,55 to 64 years,Men,8.35,23.0
552,55 to 64 years,Men,8.38,20.0
553,55 to 64 years,Men,8.45,18.0
554,55 to 64 years,Men,8.3,28.0
555,55 to 64 years,Men,8.07,39.0
556,55 to 64 years,Men,8.1,38.0
557,55 to 64 years,Men,7.96,44.0
558,55 to 64 years,Men,7.99,43.0
559,55 to 64 years,Men,8.15,33.0
560,55 to 64 years,Men,7.95,45.0
561,55 to 64 years,Men,8.06,40.0
562,55 to 64 years,Men,8.25,30.0
563,55 to 64 years,Men,8.11,37.0
564,55 to 64 years,Men,8.05,41.0
565,55 to 64 years,Men,8.36,22.0
566,55 to 64 years,Men,8.13,36.0
567,55 to 64 years,Men,8.14,35.0
568,55 to 64 years,Men,8.15,33.0
569,55 to 64 years,Men,8.01,42.0
570,55 to 64 years,Men,8.91,9.0
571,55 to 64 years,Men,8.78,13.0
572,55 to 64 years,Men,8.77,14.0
573,55 to 64 years,Men,9.1,3.0
574,55 to 64 years,Men,8.7,15.0
575,55 to 64 years,Men,8.91,9.0
576,55 to 64 years,Men,9.09,4.0
577,55 to 64 years,Men,9.14,1.0
578,55 to 64 years,Men,9.07,5.0
579,55 to 64 years,Men,8.92,8.0
580,55 to 64 years,Men,8.91,9.0
581,55 to 64 years,Men,8.88,12.0
582,55 to 64 years,Men,8.93,7.0
583,55 to 64 years,Men,9.14,1.0
584,55 to 64 years,Men,9.0,6.0
585,65 years and over,Men,8.89,30.0
586,65 years and over,Men,8.76,39.0
587,65 years and over,Men,8.98,18.0
588,65 years and over,Men,9.03,14.0
589,65 years and over,Men,8.91,27.0
590,65 years and over,Men,8.95,23.0
591,65 years and over,Men,8.83,33.0
592,65 years and over,Men,9.0,15.0
593,65 years and over,Men,9.05,13.0
594,65 years and over,Men,8.81,35.0
595,65 years and over,Men,8.83,33.0
596,65 years and over,Men,8.96,22.0
597,65 years and over,Men,8.97,19.0
598,65 years and over,Men,8.9,28.0
599,65 years and over,Men,8.75,40.0
600,65 years and over,Men,8.79,37.0
601,65 years and over,Men,8.63,45.0
602,65 years and over,Men,8.99,16.0
603,65 years and over,Men,8.99,16.0
604,65 years and over,Men,8.79,37.0
605,65 years and over,Men,8.95,23.0
606,65 years and over,Men,8.68,41.0
607,65 years and over,Men,8.93,25.0
608,65 years and over,Men,8.97,19.0
609,65 years and over,Men,8.68,41.0
610,65 years and over,Men,8.67,44.0
611,65 years and over,Men,8.9,28.0
612,65 years and over,Men,8.89,30.0
613,65 years and over,Men,8.81,35.0
614,65 years and over,Men,8.68,41.0
615,65 years and over,Men,9.12,7.0
616,65 years and over,Men,9.07,12.0
617,65 years and over,Men,8.97,19.0
618,65 years and over,Men,9.12,7.0
619,65 years and over,Men,9.21,2.0
620,65 years and over,Men,8.93,25.0
621,65 years and over,Men,9.19,4.0
622,65 years and over,Men,9.17,5.0
623,65 years and over,Men,9.25,1.0
624,65 years and over,Men,9.1,10.0
625,65 years and over,Men,9.2,3.0
626,65 years and over,Men,9.1,10.0
627,65 years and over,Men,9.15,6.0
628,65 years and over,Men,9.12,7.0
629,65 years and over,Men,8.89,30.0
630,15 years and over,Women,8.65,28.0
631,15 years and over,Women,8.61,34.0
632,15 years and over,Women,8.71,25.0
633,15 years and over,Women,8.69,26.0
634,15 years and over,Women,8.63,31.0
635,15 years and over,Women,8.64,30.0
636,15 years and over,Women,8.73,24.0
637,15 years and over,Women,8.76,23.0
638,15 years and over,Women,8.8,22.0
639,15 years and over,Women,8.86,20.0
640,15 years and over,Women,8.82,21.0
641,15 years and over,Women,8.9,16.0
642,15 years and over,Women,8.9,16.0
643,15 years and over,Women,8.88,19.0
644,15 years and over,Women,8.9,16.0
645,15 years and over,Women,9.34,11.0
646,15 years and over,Women,9.27,14.0
647,15 years and over,Women,9.34,11.0
648,15 years and over,Women,9.36,9.0
649,15 years and over,Women,9.24,15.0
650,15 years and over,Women,9.36,9.0
651,15 years and over,Women,9.34,11.0
652,15 years and over,Women,9.4,6.0
653,15 years and over,Women,9.39,7.0
654,15 years and over,Women,9.46,4.0
655,15 years and over,Women,9.38,8.0
656,15 years and over,Women,9.52,1.0
657,15 years and over,Women,9.46,4.0
658,15 years and over,Women,9.49,2.0
659,15 years and over,Women,9.49,2.0
660,15 years and over,Women,8.36,42.0
661,15 years and over,Women,8.33,44.0
662,15 years and over,Women,8.45,40.0
663,15 years and over,Women,8.4,41.0
664,15 years and over,Women,8.36,42.0
665,15 years and over,Women,8.33,44.0
666,15 years and over,Women,8.47,39.0
667,15 years and over,Women,8.49,38.0
668,15 years and over,Women,8.56,37.0
669,15 years and over,Women,8.6,35.0
670,15 years and over,Women,8.57,36.0
671,15 years and over,Women,8.63,31.0
672,15 years and over,Women,8.66,27.0
673,15 years and over,Women,8.62,33.0
674,15 years and over,Women,8.65,28.0
675,15 to 24 years,Women,9.16,33.0
676,15 to 24 years,Women,9.34,24.0
677,15 to 24 years,Women,9.35,23.0
678,15 to 24 years,Women,9.17,32.0
679,15 to 24 years,Women,9.2,31.0
680,15 to 24 years,Women,9.13,35.0
681,15 to 24 years,Women,9.33,25.0
682,15 to 24 years,Women,9.27,29.0
683,15 to 24 years,Women,9.31,26.0
684,15 to 24 years,Women,9.53,19.0
685,15 to 24 years,Women,9.38,22.0
686,15 to 24 years,Women,9.6,18.0
687,15 to 24 years,Women,9.64,17.0
688,15 to 24 years,Women,9.5,20.0
689,15 to 24 years,Women,9.66,16.0
690,15 to 24 years,Women,10.07,10.0
691,15 to 24 years,Women,10.32,3.0
692,15 to 24 years,Women,9.83,14.0
693,15 to 24 years,Women,10.18,6.0
694,15 to 24 years,Women,10.0,11.0
695,15 to 24 years,Women,9.96,12.0
696,15 to 24 years,Women,9.78,15.0
697,15 to 24 years,Women,9.93,13.0
698,15 to 24 years,Women,10.15,7.0
699,15 to 24 years,Women,10.26,5.0
700,15 to 24 years,Women,10.15,7.0
701,15 to 24 years,Women,10.32,3.0
702,15 to 24 years,Women,10.15,7.0
703,15 to 24 years,Women,10.52,1.0
704,15 to 24 years,Women,10.5,2.0
705,15 to 24 years,Women,8.78,43.0
706,15 to 24 years,Women,8.93,41.0
707,15 to 24 years,Women,9.15,34.0
708,15 to 24 years,Women,8.75,45.0
709,15 to 24 years,Women,8.84,42.0
710,15 to 24 years,Women,8.76,44.0
711,15 to 24 years,Women,9.13,35.0
712,15 to 24 years,Women,9.0,39.0
713,15 to 24 years,Women,8.96,40.0
714,15 to 24 years,Women,9.22,30.0
715,15 to 24 years,Women,9.07,38.0
716,15 to 24 years,Women,9.3,28.0
717,15 to 24 years,Women,9.42,21.0
718,15 to 24 years,Women,9.09,37.0
719,15 to 24 years,Women,9.31,26.0
720,25 to 34 years,Women,8.73,27.0
721,25 to 34 years,Women,8.51,38.0
722,25 to 34 years,Women,8.85,22.0
723,25 to 34 years,Women,8.75,26.0
724,25 to 34 years,Women,8.69,29.0
725,25 to 34 years,Women,8.6,32.0
726,25 to 34 years,Women,8.61,31.0
727,25 to 34 years,Women,8.89,20.0
728,25 to 34 years,Women,8.83,24.0
729,25 to 34 years,Women,8.97,17.0
730,25 to 34 years,Women,8.85,22.0
731,25 to 34 years,Women,8.91,19.0
732,25 to 34 years,Women,8.96,18.0
733,25 to 34 years,Women,8.87,21.0
734,25 to 34 years,Women,9.04,16.0
735,25 to 34 years,Women,9.45,11.0
736,25 to 34 years,Women,9.37,14.0
737,25 to 34 years,Women,9.74,1.0
738,25 to 34 years,Women,9.44,12.0
739,25 to 34 years,Women,9.36,15.0
740,25 to 34 years,Women,9.58,7.0
741,25 to 34 years,Women,9.53,8.0
742,25 to 34 years,Women,9.62,6.0
743,25 to 34 years,Women,9.43,13.0
744,25 to 34 years,Women,9.69,3.0
745,25 to 34 years,Women,9.51,10.0
746,25 to 34 years,Women,9.72,2.0
747,25 to 34 years,Women,9.52,9.0
748,25 to 34 years,Women,9.65,5.0
749,25 to 34 years,Women,9.68,4.0
750,25 to 34 years,Women,8.44,41.0
751,25 to 34 years,Women,8.16,45.0
752,25 to 34 years,Women,8.47,39.0
753,25 to 34 years,Women,8.45,40.0
754,25 to 34 years,Women,8.41,42.0
755,25 to 34 years,Women,8.2,44.0
756,25 to 34 years,Women,8.23,43.0
757,25 to 34 years,Women,8.59,33.0
758,25 to 34 years,Women,8.57,34.0
759,25 to 34 years,Women,8.65,30.0
760,25 to 34 years,Women,8.56,36.0
761,25 to 34 years,Women,8.57,34.0
762,25 to 34 years,Women,8.71,28.0
763,25 to 34 years,Women,8.54,37.0
764,25 to 34 years,Women,8.78,25.0
765,35 to 44 years,Women,8.48,26.0
766,35 to 44 years,Women,8.3,34.0
767,35 to 44 years,Women,8.38,31.0
768,35 to 44 years,Women,8.49,25.0
769,35 to 44 years,Women,8.41,29.0
770,35 to 44 years,Women,8.44,28.0
771,35 to 44 years,Women,8.53,22.0
772,35 to 44 years,Women,8.5,24.0
773,35 to 44 years,Women,8.51,23.0
774,35 to 44 years,Women,8.69,17.0
775,35 to 44 years,Women,8.67,19.0
776,35 to 44 years,Women,8.63,20.0
777,35 to 44 years,Women,8.68,18.0
778,35 to 44 years,Women,8.58,21.0
779,35 to 44 years,Women,8.77,16.0
780,35 to 44 years,Women,9.31,9.0
781,35 to 44 years,Women,8.98,15.0
782,35 to 44 years,Women,9.26,12.0
783,35 to 44 years,Women,9.28,10.0
784,35 to 44 years,Women,9.23,14.0
785,35 to 44 years,Women,9.27,11.0
786,35 to 44 years,Women,9.25,13.0
787,35 to 44 years,Women,9.35,6.0
788,35 to 44 years,Women,9.33,8.0
789,35 to 44 years,Women,9.47,2.0
790,35 to 44 years,Women,9.42,4.0
791,35 to 44 years,Women,9.5,1.0
792,35 to 44 years,Women,9.35,6.0
793,35 to 44 years,Women,9.41,5.0
794,35 to 44 years,Women,9.46,3.0
795,35 to 44 years,Women,8.13,41.0
796,35 to 44 years,Women,8.01,44.0
797,35 to 44 years,Women,8.01,44.0
798,35 to 44 years,Women,8.16,38.0
799,35 to 44 years,Women,8.07,43.0
800,35 to 44 years,Women,8.08,42.0
801,35 to 44 years,Women,8.23,36.0
802,35 to 44 years,Women,8.14,40.0
803,35 to 44 years,Women,8.15,39.0
804,35 to 44 years,Women,8.36,32.0
805,35 to 44 years,Women,8.34,33.0
806,35 to 44 years,Women,8.25,35.0
807,35 to 44 years,Women,8.39,30.0
808,35 to 44 years,Women,8.22,37.0
809,35 to 44 years,Women,8.48,26.0
810,45 to 54 years,Women,8.26,32.0
811,45 to 54 years,Women,8.23,34.0
812,45 to 54 years,Women,8.36,27.0
813,45 to 54 years,Women,8.4,25.0
814,45 to 54 years,Women,8.29,30.0
815,45 to 54 years,Women,8.39,26.0
816,45 to 54 years,Women,8.42,24.0
817,45 to 54 years,Women,8.36,27.0
818,45 to 54 years,Women,8.51,20.0
819,45 to 54 years,Women,8.46,23.0
820,45 to 54 years,Women,8.61,18.0
821,45 to 54 years,Women,8.68,17.0
822,45 to 54 years,Women,8.49,21.0
823,45 to 54 years,Women,8.71,16.0
824,45 to 54 years,Women,8.52,19.0
825,45 to 54 years,Women,9.04,14.0
826,45 to 54 years,Women,9.05,13.0
827,45 to 54 years,Women,9.08,12.0
828,45 to 54 years,Women,9.4,2.0
829,45 to 54 years,Women,8.89,15.0
830,45 to 54 years,Women,9.13,11.0
831,45 to 54 years,Women,9.19,9.0
832,45 to 54 years,Women,9.22,7.0
833,45 to 54 years,Women,9.14,10.0
834,45 to 54 years,Women,9.25,6.0
835,45 to 54 years,Women,9.34,4.0
836,45 to 54 years,Women,9.49,1.0
837,45 to 54 years,Women,9.4,2.0
838,45 to 54 years,Women,9.3,5.0
839,45 to 54 years,Women,9.22,7.0
840,45 to 54 years,Women,7.93,44.0
841,45 to 54 years,Women,7.9,45.0
842,45 to 54 years,Women,8.06,40.0
843,45 to 54 years,Women,7.97,43.0
844,45 to 54 years,Women,8.04,41.0
845,45 to 54 years,Women,8.07,39.0
846,45 to 54 years,Women,8.08,38.0
847,45 to 54 years,Women,7.99,42.0
848,45 to 54 years,Women,8.25,33.0
849,45 to 54 years,Women,8.12,36.0
850,45 to 54 years,Women,8.29,30.0
851,45 to 54 years,Women,8.33,29.0
852,45 to 54 years,Women,8.12,36.0
853,45 to 54 years,Women,8.47,22.0
854,45 to 54 years,Women,8.22,35.0
855,55 to 64 years,Women,8.39,29.0
856,55 to 64 years,Women,8.3,33.0
857,55 to 64 years,Women,8.35,30.0
858,55 to 64 years,Women,8.47,24.0
859,55 to 64 years,Women,8.2,40.0
860,55 to 64 years,Women,8.29,34.0
861,55 to 64 years,Women,8.49,22.0
862,55 to 64 years,Women,8.49,22.0
863,55 to 64 years,Women,8.54,19.0
864,55 to 64 years,Women,8.61,17.0
865,55 to 64 years,Women,8.46,26.0
866,55 to 64 years,Women,8.51,20.0
867,55 to 64 years,Women,8.63,16.0
868,55 to 64 years,Women,8.61,17.0
869,55 to 64 years,Women,8.51,20.0
870,55 to 64 years,Women,8.93,9.0
871,55 to 64 years,Women,8.79,13.0
872,55 to 64 years,Women,8.78,14.0
873,55 to 64 years,Women,8.83,12.0
874,55 to 64 years,Women,8.76,15.0
875,55 to 64 years,Women,8.88,10.0
876,55 to 64 years,Women,9.02,6.0
877,55 to 64 years,Women,9.03,5.0
878,55 to 64 years,Women,8.97,8.0
879,55 to 64 years,Women,9.04,3.0
880,55 to 64 years,Women,8.84,11.0
881,55 to 64 years,Women,9.05,2.0
882,55 to 64 years,Women,9.02,6.0
883,55 to 64 years,Women,9.09,1.0
884,55 to 64 years,Women,9.04,3.0
885,55 to 64 years,Women,8.17,41.0
886,55 to 64 years,Women,8.1,43.0
887,55 to 64 years,Women,8.17,41.0
888,55 to 64 years,Women,8.32,32.0
889,55 to 64 years,Women,7.98,45.0
890,55 to 64 years,Women,8.04,44.0
891,55 to 64 years,Women,8.27,38.0
892,55 to 64 years,Women,8.27,38.0
893,55 to 64 years,Women,8.35,30.0
894,55 to 64 years,Women,8.44,27.0
895,55 to 64 years,Women,8.29,34.0
896,55 to 64 years,Women,8.29,34.0
897,55 to 64 years,Women,8.47,24.0
898,55 to 64 years,Women,8.4,28.0
899,55 to 64 years,Women,8.29,34.0
900,65 years and over,Women,8.84,35.0
901,65 years and over,Women,8.93,27.0
902,65 years and over,Women,8.95,24.0
903,65 years and over,Women,8.82,38.0
904,65 years and over,Women,8.91,29.0
905,65 years and over,Women,8.94,25.0
906,65 years and over,Women,8.96,22.0
907,65 years and over,Women,9.04,16.0
908,65 years and over,Women,9.09,12.0
909,65 years and over,Women,8.87,33.0
910,65 years and over,Women,8.9,31.0
911,65 years and over,Women,9.02,17.0
912,65 years and over,Women,8.97,20.0
913,65 years and over,Women,8.97,20.0
914,65 years and over,Women,8.91,29.0
915,65 years and over,Women,9.18,7.0
916,65 years and over,Women,9.05,15.0
917,65 years and over,Women,9.28,4.0
918,65 years and over,Women,8.94,25.0
919,65 years and over,Women,9.13,9.0
920,65 years and over,Women,9.31,1.0
921,65 years and over,Women,9.21,6.0
922,65 years and over,Women,9.22,5.0
923,65 years and over,Women,9.29,3.0
924,65 years and over,Women,9.06,13.0
925,65 years and over,Women,9.06,13.0
926,65 years and over,Women,9.13,9.0
927,65 years and over,Women,9.3,2.0
928,65 years and over,Women,9.1,11.0
929,65 years and over,Women,9.15,8.0
930,65 years and over,Women,8.7,45.0
931,65 years and over,Women,8.88,32.0
932,65 years and over,Women,8.81,40.0
933,65 years and over,Women,8.77,44.0
934,65 years and over,Women,8.82,38.0
935,65 years and over,Women,8.79,42.0
936,65 years and over,Women,8.86,34.0
937,65 years and over,Women,8.96,22.0
938,65 years and over,Women,9.02,17.0
939,65 years and over,Women,8.79,42.0
940,65 years and over,Women,8.83,36.0
941,65 years and over,Women,8.98,19.0
942,65 years and over,Women,8.83,36.0
943,65 years and over,Women,8.92,28.0
944,65 years and over,Women,8.81,40.0
